year,tmID,confID,rank,playoff,o_oreb,o_dreb,o_asts,o_pf,o_stl,o_to,o_blk,o_pts,d_oreb,d_dreb,d_asts,d_pf,d_stl,d_to,d_blk,d_pts,won,lost,homeW,homeL,awayW,awayL,confW,confL,min,wonPost,lostPost,wonPointsPost,lostPointsPost,awards_players,awards_coaches,offensive_efficiency,defensive_efficiency,play_percent,factors4,possession,opponent_possession,avg_pie,avg_per,avg_height,avg_weight,per_o_fgm,per_o_ftm,per_o_3pm,per_d_fgm,per_d_ftm,per_d_3pm
10,ATL,EA,7.0,Y,340.0,737.0,492.0,796.0,285.0,593.0,142.0,2534.0,401.0,864.0,684.0,726.0,310.0,561.0,134.0,2879.0,0.12,0.88,1.0,16.0,3.0,14.0,2.0,18.0,6825.0,0,0,0,0,0,0,18.5,18.83,0.23,358.16,2716.8,2705.2,0.0625,19.527225219848706,73.25,170.0,0.4,0.75,0.34,0.45,0.74,0.34
11,ATL,EA,2.0,0,404.0,855.0,547.0,741.0,329.0,590.0,121.0,2861.0,353.0,821.0,615.0,700.0,347.0,601.0,133.0,2797.0,0.53,0.47,12.0,5.0,6.0,11.0,10.0,12.0,6950.0,0,2,0,0,1,1,17.64,15.8,0.25,435.75,2828.35,2847.44,0.07666666666666667,27.040397735276148,72.77777777777777,157.77777777777777,0.45,0.75,0.3,0.42,0.77,0.34
2,CHA,EA,8.0,Y,305.0,630.0,551.0,713.0,222.0,496.0,90.0,2186.0,326.0,664.0,596.0,596.0,259.0,426.0,123.0,2429.0,0.25,0.75,5.0,11.0,3.0,13.0,5.0,16.0,6475.0,0,0,0,0,0,0,16.7,11.9,0.24,324.96,2253.96,2251.24,0.0,0.0,0.0,0.0,0.43,0.75,0.34,0.46,0.74,0.33
3,CHA,EA,4.0,Y,309.0,639.0,467.0,605.0,217.0,474.0,114.0,2055.0,344.0,567.0,443.0,579.0,257.0,447.0,124.0,2009.0,0.56,0.44,11.0,5.0,7.0,9.0,15.0,6.0,6500.0,4,4,4,0,0,0,67.78,29.42,0.23,298.57,2090.23,2108.43,0.10200000000000001,19.03902459497831,71.33333333333333,166.11111111111111,0.42,0.78,0.36,0.4,0.77,0.31
4,CHA,EA,2.0,Y,302.0,653.0,496.0,647.0,241.0,408.0,105.0,2241.0,295.0,620.0,489.0,600.0,208.0,424.0,103.0,2133.0,0.56,0.44,11.0,5.0,7.0,9.0,12.0,9.0,6450.0,0,2,0,0,0,0,21.0,16.91,0.24,308.17,2100.21,2111.16,0.12,19.166082491595297,71.33333333333333,167.0,0.43,0.74,0.4,0.43,0.74,0.36
5,CHA,EA,2.0,N,342.0,629.0,499.0,697.0,279.0,497.0,115.0,2217.0,386.0,621.0,491.0,606.0,264.0,469.0,104.0,2195.0,0.53,0.47,13.0,4.0,5.0,12.0,12.0,12.0,6850.0,0,2,0,0,0,0,29.33,28.7,0.23,314.97,2203.78,2187.34,0.11200000000000002,23.547111076256446,71.11111111111111,161.77777777777777,0.42,0.77,0.36,0.42,0.72,0.34
6,CHA,EA,5.0,N,256.0,616.0,426.0,648.0,210.0,479.0,134.0,2092.0,368.0,628.0,516.0,595.0,243.0,437.0,114.0,2168.0,0.47,0.53,10.0,7.0,6.0,11.0,8.0,12.0,6900.0,0,0,0,0,0,0,15.78,34.81,0.24,298.16,2137.54,2168.91,0.10800000000000001,18.583678183868916,71.625,168.25,0.43,0.74,0.36,0.41,0.75,0.37
7,CHA,EA,6.0,N,316.0,609.0,493.0,727.0,284.0,535.0,113.0,2095.0,355.0,700.0,496.0,654.0,269.0,534.0,146.0,2335.0,0.18,0.82,5.0,12.0,1.0,16.0,4.0,16.0,6945.0,0,0,0,0,0,0,17.23,21.28,0.23,308.96,2310.3,2285.49,0.126,19.10880277363093,71.92307692307692,165.23076923076923,0.4,0.72,0.35,0.45,0.71,0.37
8,CHA,EA,6.0,N,347.0,747.0,527.0,734.0,315.0,574.0,155.0,2456.0,370.0,870.0,522.0,707.0,286.0,619.0,125.0,2571.0,0.32,0.68,7.0,10.0,4.0,13.0,6.0,14.0,6825.0,0,0,0,0,0,0,21.95,135.03,0.22,345.76,2637.0,2636.2,0.10750000000000001,18.820163545488395,73.0,166.11111111111111,0.4,0.71,0.32,0.42,0.75,0.33
8,CHI,EA,7.0,N,357.0,680.0,509.0,674.0,277.0,527.0,125.0,2322.0,379.0,860.0,623.0,584.0,262.0,535.0,120.0,2687.0,0.15,0.85,3.0,14.0,2.0,15.0,4.0,16.0,6800.0,0,0,0,0,0,0,22.34,48.12,0.23,343.35,2522.8,2521.77,0.0325,15.270818432123408,72.27272727272727,164.54545454545453,0.39,0.7,0.29,0.45,0.74,0.37
9,CHI,EA,6.0,N,383.0,782.0,597.0,634.0,262.0,510.0,112.0,2525.0,379.0,846.0,584.0,683.0,242.0,566.0,138.0,2611.0,0.41,0.59,6.0,11.0,8.0,9.0,6.0,14.0,6972.0,0,0,0,0,1,0,32.32,127.49,0.23,370.15,2613.24,2603.98,0.11000000000000001,19.527194848674,72.4,171.6,0.41,0.68,0.34,0.43,0.78,0.38
10,CHI,EA,5.0,N,357.0,770.0,548.0,639.0,269.0,525.0,149.0,2472.0,366.0,794.0,531.0,681.0,255.0,522.0,124.0,2510.0,0.35,0.65,8.0,9.0,4.0,13.0,10.0,10.0,6875.0,0,0,0,0,0,0,19.12,55.53,0.24,359.76,2520.27,2541.31,0.10800000000000001,25.894756220910278,72.45454545454545,172.0909090909091,0.43,0.69,0.32,0.42,0.77,0.33
11,CHI,EA,5.0,0,307.0,776.0,532.0,605.0,249.0,532.0,138.0,2573.0,359.0,797.0,610.0,636.0,273.0,489.0,121.0,2693.0,0.47,0.53,12.0,5.0,4.0,13.0,10.0,12.0,6825.0,0,0,0,0,0,0,16.94,22.88,0.25,372.15,2559.28,2561.97,0.10800000000000001,23.752884293208886,71.8,163.8,0.44,0.76,0.39,0.44,0.78,0.35
2,CLE,EA,2.0,Y,331.0,603.0,539.0,647.0,259.0,538.0,91.0,2185.0,277.0,596.0,540.0,693.0,305.0,552.0,95.0,2122.0,0.53,0.47,13.0,3.0,4.0,12.0,13.0,8.0,6500.0,3,3,2,1,1,0,17.37,13.47,0.25,323.77,2194.37,2200.82,0.0,0.0,0.0,0.0,0.44,0.75,0.35,0.44,0.78,0.32
3,CLE,EA,1.0,N,297.0,662.0,503.0,532.0,267.0,444.0,83.0,2004.0,297.0,594.0,434.0,597.0,225.0,496.0,127.0,1788.0,0.69,0.31,14.0,2.0,8.0,8.0,15.0,6.0,6425.0,1,2,0,1,0,1,76.49,-56.51,0.24,305.36,2053.63,2053.79,0.10400000000000001,19.395644852264198,71.53846153846153,168.53846153846155,0.43,0.74,0.32,0.38,0.74,0.32
4,CLE,EA,7.0,Y,295.0,674.0,480.0,567.0,221.0,451.0,83.0,2071.0,278.0,640.0,530.0,613.0,242.0,428.0,109.0,2140.0,0.31,0.69,4.0,12.0,6.0,10.0,7.0,14.0,6550.0,0,0,0,0,0,0,60.34,19.77,0.23,304.16,2130.55,2124.71,0.10200000000000001,21.327120785341393,71.55555555555556,167.44444444444446,0.42,0.78,0.32,0.43,0.76,0.34
5,CLE,EA,4.0,Y,349.0,720.0,517.0,639.0,226.0,466.0,86.0,2229.0,300.0,704.0,510.0,659.0,223.0,467.0,135.0,2210.0,0.5,0.5,11.0,6.0,6.0,11.0,13.0,11.0,6825.0,1,2,0,1,0,0,77.07,30.66,0.23,326.16,2279.92,2266.64,0.11,23.082846791006414,71.7,164.0,0.41,0.72,0.32,0.42,0.77,0.36
2,CON,EA,3.0,N,319.0,606.0,473.0,583.0,255.0,486.0,130.0,2208.0,348.0,669.0,536.0,637.0,264.0,500.0,108.0,2233.0,0.5,0.5,11.0,5.0,5.0,11.0,13.0,8.0,6500.0,1,2,0,1,0,0,14.89,43.11,0.25,333.36,2225.51,2240.45,0.0,0.0,0.0,0.0,0.44,0.73,0.34,0.43,0.76,0.34
3,CON,EA,5.0,N,356.0,614.0,452.0,643.0,320.0,532.0,125.0,2140.0,316.0,659.0,534.0,600.0,298.0,546.0,114.0,2205.0,0.41,0.59,10.0,6.0,3.0,13.0,9.0,12.0,6450.0,0,0,0,0,0,0,38.02,22.69,0.22,307.37,2254.35,2234.11,0.14500000000000002,20.77024525714411,72.125,174.375,0.4,0.73,0.33,0.44,0.72,0.36
4,CON,EA,5.0,Y,320.0,595.0,446.0,669.0,295.0,456.0,113.0,2254.0,362.0,684.0,519.0,637.0,251.0,541.0,108.0,2255.0,0.5,0.5,10.0,6.0,6.0,10.0,13.0,8.0,6525.0,0,0,0,0,0,0,12.72,43.43,0.25,323.36,2240.87,2241.52,0.09,17.35991873178538,72.75,174.16666666666666,0.42,0.76,0.31,0.43,0.74,0.37
5,CON,EA,3.0,Y,333.0,762.0,520.0,663.0,270.0,434.0,111.0,2384.0,366.0,812.0,553.0,669.0,252.0,476.0,88.0,2409.0,0.53,0.47,10.0,7.0,8.0,9.0,11.0,13.0,6875.0,2,2,2,0,0,0,44.78,-134.73,0.24,345.75,2387.75,2409.72,0.10600000000000001,20.898394043988723,71.9090909090909,169.0909090909091,0.41,0.74,0.32,0.41,0.76,0.32
6,CON,EA,1.0,Y,321.0,724.0,572.0,610.0,299.0,462.0,96.0,2335.0,306.0,757.0,565.0,627.0,239.0,492.0,113.0,2304.0,0.53,0.47,10.0,7.0,8.0,9.0,14.0,6.0,6900.0,5,3,4,1,1,0,25.77,39.34,0.25,350.55,2353.54,2347.74,0.11750000000000001,22.40054114176555,71.5,170.66666666666666,0.43,0.74,0.32,0.43,0.74,0.38
7,CON,EA,1.0,Y,322.0,788.0,573.0,624.0,236.0,452.0,130.0,2474.0,350.0,728.0,495.0,675.0,258.0,442.0,79.0,2244.0,0.76,0.24,14.0,3.0,12.0,5.0,13.0,7.0,6800.0,5,3,4,1,1,0,22.76,109.14,0.26,366.55,2359.41,2357.34,0.126,20.063225891515657,72.52222222222223,179.22222222222223,0.45,0.74,0.35,0.4,0.75,0.3
8,CON,EA,1.0,Y,342.0,926.0,630.0,530.0,252.0,514.0,153.0,2683.0,370.0,783.0,528.0,646.0,273.0,486.0,103.0,2417.0,0.76,0.24,14.0,3.0,12.0,5.0,15.0,5.0,6825.0,3,2,2,1,1,1,243.91,161.13,0.25,392.96,2577.6,2585.28,0.13,25.582015616101447,72.27000000000001,177.5,0.44,0.81,0.34,0.4,0.72,0.32
9,CON,EA,3.0,Y,354.0,868.0,619.0,641.0,272.0,540.0,156.0,2675.0,337.0,842.0,581.0,633.0,246.0,524.0,85.0,2593.0,0.53,0.47,8.0,9.0,10.0,7.0,10.0,10.0,6925.0,1,2,0,1,0,0,53.93,35.8,0.24,400.55,2672.26,2668.26,0.11200000000000002,23.037528681840623,72.1888888888889,176.55555555555554,0.43,0.78,0.34,0.42,0.76,0.34
10,CON,EA,2.0,N,370.0,869.0,607.0,629.0,211.0,487.0,97.0,2690.0,360.0,840.0,554.0,703.0,252.0,499.0,104.0,2541.0,0.62,0.38,13.0,4.0,8.0,9.0,13.0,7.0,6850.0,1,2,0,1,0,1,60.97,71.14,0.24,386.16,2612.28,2595.57,0.11,23.493412579757088,71.33333333333333,168.66666666666666,0.42,0.75,0.33,0.42,0.74,0.32
11,CON,EA,6.0,0,358.0,826.0,608.0,677.0,250.0,453.0,130.0,2651.0,329.0,945.0,525.0,684.0,248.0,549.0,125.0,2654.0,0.47,0.53,12.0,5.0,4.0,13.0,10.0,12.0,6975.0,0,0,0,0,0,0,30.65,366.57,0.24,386.54,2669.26,2672.87,0.098,24.96190071578248,71.3,167.9,0.41,0.75,0.32,0.43,0.79,0.32
2,DET,EA,5.0,N,341.0,644.0,503.0,701.0,260.0,530.0,88.0,2331.0,331.0,640.0,513.0,672.0,284.0,543.0,148.0,2426.0,0.44,0.56,8.0,8.0,6.0,10.0,10.0,11.0,6425.0,0,0,0,0,0,0,12.23,10.98,0.25,347.36,2377.5,2367.24,0.0,0.0,0.0,0.0,0.44,0.74,0.28,0.46,0.74,0.37
3,DET,EA,7.0,N,324.0,621.0,469.0,602.0,225.0,498.0,82.0,2103.0,279.0,702.0,438.0,591.0,262.0,483.0,109.0,2269.0,0.31,0.69,6.0,10.0,4.0,12.0,7.0,14.0,6550.0,0,0,0,0,0,0,31.16,18.37,0.23,309.76,2233.42,2205.62,0.10800000000000001,18.908903395231953,71.85714285714286,166.85714285714286,0.4,0.76,0.35,0.46,0.77,0.37
4,DET,EA,8.0,Y,360.0,719.0,478.0,609.0,201.0,541.0,132.0,2114.0,314.0,669.0,465.0,637.0,277.0,443.0,139.0,2266.0,0.28,0.72,7.0,9.0,2.0,14.0,6.0,15.0,6450.0,0,0,0,0,0,0,-79.59,20.38,0.22,306.57,2290.98,2284.03,0.08,15.804294248267592,71.0,167.22222222222223,0.4,0.73,0.3,0.42,0.77,0.33
5,DET,EA,1.0,Y,379.0,851.0,545.0,605.0,263.0,608.0,158.0,2553.0,390.0,674.0,504.0,774.0,309.0,497.0,129.0,2395.0,0.74,0.26,13.0,4.0,12.0,5.0,18.0,6.0,6900.0,6,2,6,0,2,1,42.49,26.13,0.23,360.98,2516.24,2532.13,0.11,20.521413889784125,71.3076923076923,159.46153846153845,0.45,0.71,0.39,0.4,0.74,0.3
6,DET,EA,3.0,Y,397.0,773.0,564.0,648.0,277.0,513.0,148.0,2366.0,325.0,730.0,515.0,728.0,289.0,496.0,131.0,2381.0,0.5,0.5,8.0,9.0,9.0,8.0,11.0,9.0,6850.0,1,2,0,1,0,0,45.08,32.63,0.23,349.76,2459.02,2435.48,0.124,22.220354265170677,72.1,165.2,0.42,0.7,0.3,0.41,0.77,0.36
7,DET,EA,4.0,Y,412.0,803.0,474.0,761.0,241.0,571.0,155.0,2247.0,273.0,745.0,473.0,744.0,272.0,520.0,136.0,2287.0,0.47,0.53,12.0,5.0,4.0,13.0,11.0,9.0,6925.0,0,2,0,0,0,0,-51.73,23.39,0.22,332.56,2457.18,2422.81,0.132,20.517264299292503,71.42857142857143,163.42857142857142,0.4,0.66,0.32,0.4,0.75,0.34
8,DET,EA,2.0,Y,406.0,880.0,572.0,711.0,213.0,537.0,137.0,2527.0,324.0,760.0,474.0,733.0,275.0,506.0,108.0,2384.0,0.68,0.32,14.0,3.0,9.0,8.0,14.0,6.0,6825.0,7,3,7,0,2,0,-65.2,36.74,0.23,367.76,2572.07,2549.64,0.1,19.096978520908827,72.91666666666667,173.91666666666666,0.41,0.74,0.33,0.39,0.75,0.31
9,DET,EA,1.0,Y,380.0,931.0,563.0,702.0,227.0,564.0,117.0,2697.0,309.0,780.0,546.0,767.0,276.0,529.0,117.0,2540.0,0.71,0.29,12.0,5.0,12.0,5.0,14.0,6.0,6850.0,6,5,4,2,2,0,421.41,20.83,0.24,388.96,2678.78,2686.0,0.11000000000000001,19.265938723168304,72.27272727272727,166.45454545454547,0.43,0.76,0.36,0.4,0.76,0.33
10,DET,EA,1.0,Y,405.0,843.0,604.0,724.0,278.0,496.0,118.0,2672.0,324.0,761.0,520.0,762.0,229.0,572.0,119.0,2522.0,0.65,0.35,14.0,3.0,8.0,9.0,16.0,4.0,6875.0,7,2,7,0,1,0,50.07,22.4,0.24,389.76,2604.83,2615.62,0.1225,25.060791406277687,73.0,172.69230769230768,0.42,0.75,0.35,0.41,0.76,0.35
11,DET,EA,3.0,Y,373.0,853.0,575.0,766.0,261.0,546.0,97.0,2652.0,320.0,781.0,524.0,716.0,279.0,531.0,110.0,2644.0,0.53,0.47,11.0,6.0,7.0,10.0,11.0,11.0,6975.0,3,2,2,1,0,0,37.23,16.66,0.24,392.16,2656.55,2658.93,0.11200000000000002,23.733946775708013,72.86666666666666,174.48,0.43,0.75,0.35,0.41,0.78,0.34
2,HOU,WE,2.0,Y,273.0,724.0,494.0,554.0,284.0,440.0,104.0,2475.0,290.0,612.0,473.0,648.0,233.0,480.0,85.0,2066.0,0.84,0.16,14.0,2.0,13.0,3.0,17.0,4.0,6475.0,6,0,6,0,4,0,14.31,19.22,0.27,356.56,2246.36,2257.46,0.0,0.0,0.0,0.0,0.47,0.82,0.35,0.41,0.73,0.3
3,HOU,WE,4.0,Y,348.0,710.0,426.0,509.0,251.0,436.0,95.0,2047.0,297.0,685.0,452.0,561.0,248.0,433.0,120.0,1994.0,0.59,0.41,11.0,5.0,8.0,8.0,13.0,8.0,6450.0,0,2,0,0,1,0,-27.72,-98.52,0.22,298.96,2143.83,2151.13,0.0825,17.41177746842961,72.42857142857143,172.57142857142858,0.39,0.77,0.32,0.39,0.72,0.33
4,HOU,WE,2.0,Y,299.0,702.0,450.0,467.0,260.0,455.0,126.0,2072.0,309.0,664.0,446.0,606.0,262.0,464.0,71.0,1892.0,0.75,0.25,14.0,2.0,10.0,6.0,16.0,5.0,6425.0,1,2,0,1,2,0,181.75,-27.37,0.23,302.16,2103.74,2144.52,0.1375,19.075681008420744,70.83333333333333,162.08333333333334,0.42,0.77,0.33,0.38,0.73,0.31
5,HOU,WE,2.0,N,266.0,764.0,465.0,490.0,231.0,450.0,129.0,2244.0,298.0,708.0,516.0,634.0,227.0,430.0,122.0,2142.0,0.59,0.41,14.0,3.0,6.0,11.0,14.0,10.0,6825.0,1,2,0,1,2,0,36.19,141.67,0.24,331.35,2269.44,2264.76,0.146,23.293627499998074,72.25,163.5,0.43,0.79,0.33,0.41,0.73,0.34
6,HOU,WE,6.0,Y,311.0,724.0,451.0,555.0,242.0,484.0,107.0,2177.0,335.0,720.0,539.0,655.0,258.0,471.0,129.0,2211.0,0.38,0.62,9.0,8.0,4.0,13.0,7.0,15.0,6850.0,0,0,0,0,0,0,64.79,174.92,0.23,319.35,2281.54,2282.53,0.11200000000000002,21.694623344908596,72.08333333333333,161.33333333333334,0.41,0.74,0.34,0.42,0.74,0.35
7,HOU,WE,3.0,Y,276.0,684.0,467.0,581.0,246.0,425.0,105.0,2309.0,274.0,687.0,541.0,685.0,197.0,481.0,111.0,2263.0,0.56,0.44,11.0,6.0,8.0,9.0,11.0,11.0,6875.0,2,3,2,0,2,0,11.34,17.02,0.26,344.15,2277.7,2301.08,0.11000000000000001,18.30343868026165,71.7,158.3,0.45,0.76,0.3,0.44,0.75,0.35
8,HOU,WE,3.0,N,303.0,822.0,532.0,617.0,252.0,566.0,84.0,2507.0,337.0,787.0,526.0,705.0,298.0,519.0,89.0,2449.0,0.53,0.47,12.0,5.0,6.0,11.0,11.0,9.0,6925.0,0,2,0,0,4,0,24.74,32.83,0.24,371.35,2552.95,2577.22,0.096,20.554933016319023,71.63636363636364,160.9090909090909,0.44,0.71,0.36,0.42,0.72,0.3
9,HOU,WE,5.0,N,374.0,770.0,558.0,655.0,289.0,633.0,109.0,2510.0,342.0,721.0,588.0,677.0,310.0,568.0,160.0,2628.0,0.38,0.62,7.0,10.0,6.0,11.0,10.0,12.0,6800.0,0,0,0,0,0,0,28.45,14.82,0.23,366.17,2616.23,2623.07,0.076,20.359290039144433,72.16666666666667,166.25,0.43,0.77,0.35,0.42,0.8,0.35
10,HOU,WE,5.0,N,376.0,803.0,556.0,728.0,295.0,599.0,120.0,2561.0,349.0,743.0,542.0,744.0,313.0,555.0,165.0,2606.0,0.5,0.5,13.0,4.0,4.0,13.0,10.0,10.0,6925.0,0,0,0,0,0,0,37.75,16.85,0.23,369.37,2649.45,2626.21,0.1125,23.45331770035713,71.9,166.2,0.42,0.76,0.32,0.41,0.75,0.38
2,IND,EA,7.0,N,285.0,647.0,501.0,642.0,271.0,518.0,126.0,2213.0,321.0,633.0,528.0,612.0,267.0,476.0,75.0,2290.0,0.28,0.72,5.0,11.0,4.0,12.0,7.0,14.0,6425.0,0,0,0,0,0,0,19.35,12.77,0.24,318.57,2228.51,2224.67,0.0,0.0,0.0,0.0,0.43,0.75,0.37,0.45,0.75,0.3
3,IND,EA,6.0,Y,286.0,649.0,458.0,600.0,242.0,491.0,118.0,2153.0,306.0,660.0,565.0,616.0,256.0,466.0,140.0,2249.0,0.31,0.69,7.0,9.0,3.0,13.0,7.0,14.0,6475.0,0,0,0,0,0,0,24.74,15.67,0.23,304.96,2195.56,2222.9,0.07333333333333333,16.132069347746057,71.8,166.6,0.42,0.8,0.35,0.45,0.71,0.36
4,IND,EA,4.0,N,315.0,633.0,447.0,559.0,268.0,438.0,100.0,2097.0,288.0,644.0,507.0,647.0,226.0,470.0,145.0,2129.0,0.5,0.5,10.0,6.0,6.0,10.0,12.0,9.0,6425.0,1,2,0,1,1,0,54.9,22.81,0.23,292.57,2115.07,2131.51,0.11,17.934243651786886,70.5,160.0,0.4,0.78,0.33,0.44,0.71,0.35
5,IND,EA,5.0,N,334.0,654.0,539.0,668.0,299.0,474.0,121.0,2337.0,309.0,677.0,570.0,631.0,227.0,512.0,170.0,2321.0,0.47,0.53,11.0,6.0,5.0,12.0,12.0,12.0,6875.0,0,0,0,0,0,0,23.67,17.62,0.24,335.76,2302.77,2296.05,0.132,21.964342890030085,70.58333333333333,161.16666666666666,0.42,0.8,0.35,0.44,0.77,0.37
6,IND,EA,6.0,Y,396.0,705.0,555.0,639.0,261.0,486.0,134.0,2198.0,281.0,688.0,514.0,603.0,268.0,466.0,162.0,2245.0,0.44,0.56,10.0,7.0,5.0,12.0,8.0,12.0,6850.0,0,0,0,0,1,0,-40.11,15.94,0.22,316.57,2261.95,2261.57,0.134,23.976554028245538,72.4,166.5,0.39,0.78,0.35,0.43,0.74,0.34
7,IND,EA,2.0,Y,341.0,671.0,493.0,668.0,336.0,477.0,95.0,2170.0,279.0,711.0,435.0,644.0,234.0,558.0,113.0,2133.0,0.62,0.38,14.0,3.0,7.0,10.0,14.0,6.0,6925.0,2,2,2,0,1,0,64.2,31.61,0.23,313.76,2261.57,2265.1,0.1375,21.214307485232297,72.25,170.625,0.4,0.76,0.32,0.43,0.72,0.34
8,IND,EA,3.0,Y,339.0,755.0,501.0,606.0,354.0,528.0,93.0,2435.0,288.0,773.0,507.0,685.0,259.0,617.0,105.0,2316.0,0.62,0.38,12.0,5.0,9.0,8.0,12.0,8.0,6850.0,0,2,0,0,2,0,31.86,34.08,0.23,349.36,2525.22,2513.24,0.124,21.05341501812881,71.125,168.875,0.41,0.77,0.31,0.43,0.74,0.31
9,IND,EA,2.0,Y,341.0,812.0,511.0,646.0,308.0,589.0,136.0,2480.0,369.0,795.0,475.0,663.0,280.0,610.0,114.0,2370.0,0.62,0.38,12.0,5.0,9.0,8.0,12.0,8.0,6875.0,3,3,2,1,1,0,97.33,-153.1,0.23,362.96,2579.02,2592.5,0.11000000000000001,18.298663446146637,72.0,171.27272727272728,0.42,0.77,0.34,0.4,0.74,0.33
10,IND,EA,4.0,Y,349.0,778.0,500.0,727.0,324.0,585.0,165.0,2473.0,338.0,833.0,477.0,659.0,294.0,608.0,130.0,2457.0,0.5,0.5,11.0,6.0,6.0,11.0,12.0,8.0,6950.0,1,2,0,1,1,0,65.7,80.19,0.23,350.56,2595.49,2599.33,0.1,20.823640524507105,71.75,170.25,0.4,0.75,0.34,0.42,0.76,0.33
11,IND,EA,1.0,0,342.0,780.0,527.0,692.0,373.0,531.0,117.0,2606.0,318.0,849.0,498.0,700.0,271.0,638.0,116.0,2501.0,0.65,0.35,14.0,3.0,8.0,9.0,17.0,5.0,6925.0,6,4,4,2,1,0,27.08,53.81,0.23,356.16,2620.07,2632.78,0.125,22.480865924781757,71.92857142857143,173.64285714285714,0.4,0.82,0.33,0.43,0.76,0.32
2,LAS,WE,1.0,Y,308.0,783.0,586.0,705.0,271.0,466.0,156.0,2417.0,300.0,678.0,445.0,650.0,243.0,485.0,105.0,2169.0,0.88,0.12,15.0,1.0,13.0,3.0,17.0,4.0,6450.0,2,2,2,0,0,1,32.26,21.17,0.25,344.56,2322.16,2354.38,0.0,0.0,0.0,0.0,0.44,0.79,0.33,0.4,0.72,0.3
3,LAS,WE,1.0,Y,350.0,755.0,596.0,616.0,281.0,438.0,138.0,2441.0,294.0,627.0,538.0,591.0,234.0,453.0,114.0,2166.0,0.88,0.12,16.0,0.0,12.0,4.0,19.0,2.0,6475.0,6,1,6,0,3,0,33.73,21.95,0.26,366.56,2285.15,2289.29,0.134,23.055846662565994,71.66666666666667,165.66666666666666,0.45,0.76,0.37,0.39,0.76,0.32
4,LAS,WE,1.0,Y,329.0,814.0,583.0,664.0,257.0,517.0,161.0,2452.0,314.0,645.0,508.0,623.0,275.0,453.0,111.0,2235.0,0.78,0.22,12.0,4.0,13.0,3.0,17.0,4.0,6475.0,6,0,6,0,2,0,77.11,18.24,0.24,356.57,2374.85,2365.98,0.135,23.903532022463054,72.27272727272727,169.27272727272728,0.45,0.74,0.38,0.39,0.74,0.31
5,LAS,WE,1.0,Y,336.0,813.0,587.0,682.0,242.0,470.0,161.0,2499.0,316.0,789.0,572.0,654.0,241.0,468.0,127.0,2432.0,0.71,0.29,11.0,6.0,13.0,4.0,17.0,7.0,6900.0,5,4,4,1,1,0,57.69,34.8,0.24,357.75,2469.43,2503.56,0.132,22.134331272359322,72.5,172.91666666666666,0.42,0.79,0.33,0.4,0.72,0.36
6,LAS,WE,1.0,Y,312.0,809.0,626.0,731.0,262.0,529.0,148.0,2495.0,339.0,727.0,532.0,704.0,288.0,523.0,114.0,2361.0,0.74,0.26,15.0,2.0,10.0,7.0,16.0,6.0,6975.0,1,2,0,1,2,0,24.78,28.16,0.24,361.76,2499.53,2509.29,0.146,23.418701944044187,72.0,171.875,0.44,0.73,0.38,0.39,0.73,0.34
7,LAS,WE,4.0,Y,321.0,683.0,551.0,737.0,264.0,492.0,136.0,2326.0,332.0,709.0,567.0,654.0,247.0,544.0,115.0,2345.0,0.5,0.5,11.0,6.0,6.0,11.0,12.0,10.0,6800.0,0,2,0,0,0,0,15.91,26.36,0.25,349.35,2390.59,2379.8,0.11400000000000002,19.205774214172852,72.45454545454545,169.27272727272728,0.43,0.72,0.32,0.42,0.74,0.35
8,LAS,WE,1.0,N,350.0,852.0,610.0,679.0,296.0,534.0,129.0,2575.0,336.0,746.0,565.0,636.0,284.0,556.0,128.0,2476.0,0.74,0.26,15.0,2.0,10.0,7.0,15.0,5.0,6825.0,2,3,2,0,3,0,32.41,22.88,0.24,384.95,2590.5,2612.39,0.122,20.08114407711598,72.4,166.1,0.44,0.74,0.29,0.4,0.74,0.34
9,LAS,WE,7.0,Y,356.0,783.0,554.0,732.0,245.0,571.0,107.0,2533.0,343.0,836.0,616.0,605.0,290.0,550.0,137.0,2708.0,0.29,0.71,5.0,12.0,5.0,12.0,6.0,16.0,6900.0,0,0,0,0,0,0,32.95,21.32,0.23,376.15,2684.04,2660.16,0.09000000000000001,19.69190348516354,72.53846153846153,165.0,0.41,0.79,0.35,0.43,0.76,0.36
10,LAS,WE,3.0,Y,386.0,896.0,613.0,713.0,251.0,608.0,216.0,2598.0,359.0,768.0,513.0,717.0,303.0,523.0,141.0,2523.0,0.59,0.41,12.0,5.0,8.0,9.0,12.0,8.0,7000.0,3,3,2,1,3,0,-207.51,27.59,0.23,381.76,2674.06,2692.26,0.075,17.319251598041333,71.7909090909091,165.0909090909091,0.42,0.75,0.31,0.38,0.75,0.34
11,LAS,WE,3.0,0,365.0,883.0,587.0,583.0,217.0,568.0,166.0,2533.0,320.0,730.0,516.0,622.0,300.0,463.0,115.0,2498.0,0.53,0.47,11.0,6.0,7.0,10.0,11.0,9.0,6925.0,3,3,2,1,0,0,-76.76,19.65,0.24,389.36,2600.64,2571.96,0.15,23.73658573373769,71.88888888888889,172.11111111111111,0.43,0.79,0.3,0.4,0.77,0.33
2,MIA,EA,6.0,Y,365.0,595.0,415.0,707.0,272.0,524.0,88.0,1831.0,275.0,648.0,416.0,661.0,247.0,528.0,118.0,2001.0,0.41,0.59,9.0,7.0,4.0,12.0,9.0,12.0,6475.0,0,0,0,0,0,0,-87.86,29.48,0.2,258.97,2136.15,2116.68,0.0,0.0,0.0,0.0,0.36,0.68,0.27,0.43,0.72,0.37
3,MIA,EA,3.0,N,292.0,651.0,467.0,602.0,300.0,448.0,153.0,1957.0,301.0,667.0,388.0,538.0,259.0,512.0,87.0,1898.0,0.62,0.38,10.0,6.0,10.0,6.0,14.0,7.0,6575.0,1,2,0,1,1,0,112.73,-62.68,0.23,301.75,2100.83,2106.93,0.12,17.297283664195007,71.44444444444444,156.77777777777777,0.41,0.76,0.32,0.39,0.71,0.3
4,MIA,EA,6.0,N,296.0,573.0,476.0,643.0,274.0,435.0,96.0,2046.0,278.0,693.0,446.0,588.0,222.0,515.0,104.0,2088.0,0.47,0.53,9.0,7.0,6.0,10.0,11.0,10.0,6475.0,0,0,0,0,0,0,14.85,47.28,0.24,309.75,2138.65,2139.99,0.09,16.028327313195284,71.72727272727273,161.8181818181818,0.42,0.7,0.33,0.43,0.76,0.34
2,MIN,WE,6.0,N,258.0,612.0,495.0,690.0,237.0,497.0,63.0,2193.0,300.0,677.0,472.0,707.0,275.0,547.0,130.0,2188.0,0.47,0.53,8.0,8.0,7.0,9.0,5.0,16.0,6425.0,0,0,0,0,1,0,13.67,25.18,0.24,308.16,2237.26,2221.32,0.0,0.0,0.0,0.0,0.42,0.76,0.36,0.43,0.73,0.34
3,MIN,WE,6.0,N,308.0,693.0,437.0,695.0,210.0,507.0,127.0,2077.0,328.0,688.0,511.0,719.0,259.0,470.0,126.0,2156.0,0.38,0.62,6.0,10.0,6.0,10.0,9.0,12.0,6475.0,0,0,0,0,0,0,-205.24,204.17,0.2,268.58,2235.72,2249.82,0.08,14.320407305933816,72.28571428571429,173.42857142857142,0.37,0.77,0.32,0.39,0.8,0.32
4,MIN,WE,8.0,Y,309.0,650.0,466.0,617.0,226.0,529.0,102.0,2003.0,302.0,612.0,495.0,618.0,273.0,465.0,117.0,2104.0,0.31,0.69,7.0,9.0,3.0,13.0,6.0,15.0,6475.0,0,0,0,0,0,0,89.74,20.48,0.22,290.97,2159.35,2150.13,0.1275,17.788355464906136,72.3,175.8,0.41,0.66,0.33,0.41,0.77,0.36
5,MIN,WE,4.0,Y,361.0,718.0,580.0,634.0,242.0,558.0,101.0,2380.0,337.0,652.0,528.0,666.0,271.0,471.0,126.0,2370.0,0.53,0.47,11.0,6.0,7.0,10.0,14.0,10.0,6850.0,1,2,0,1,0,0,33.73,14.15,0.24,350.17,2351.58,2380.34,0.125,19.677234037125302,72.44444444444444,169.55555555555554,0.44,0.72,0.34,0.42,0.75,0.32
6,MIN,WE,3.0,N,332.0,724.0,526.0,660.0,257.0,613.0,139.0,2165.0,323.0,713.0,508.0,676.0,333.0,502.0,133.0,2190.0,0.53,0.47,11.0,6.0,7.0,10.0,12.0,10.0,6850.0,0,2,0,0,1,1,-292.57,35.12,0.21,306.97,2364.1,2347.55,0.095,16.938062109700564,72.16666666666667,168.16666666666666,0.4,0.71,0.33,0.41,0.73,0.28
7,MIN,WE,6.0,N,310.0,715.0,531.0,624.0,258.0,536.0,127.0,2211.0,344.0,711.0,537.0,665.0,275.0,487.0,144.0,2288.0,0.41,0.59,11.0,6.0,3.0,14.0,9.0,13.0,6850.0,0,0,0,0,0,0,54.67,33.91,0.23,320.56,2338.98,2325.58,0.1025,18.60087560979737,72.4,171.1,0.41,0.73,0.35,0.43,0.73,0.34
8,MIN,WE,7.0,N,340.0,804.0,491.0,654.0,193.0,530.0,113.0,2523.0,372.0,832.0,625.0,633.0,308.0,438.0,124.0,2735.0,0.29,0.71,8.0,9.0,2.0,15.0,6.0,14.0,6825.0,0,0,0,0,1,0,25.07,23.5,0.24,378.15,2592.61,2588.51,0.0825,20.456830968729417,71.77777777777777,171.11111111111111,0.43,0.71,0.35,0.43,0.76,0.33
9,MIN,WE,6.0,N,397.0,785.0,596.0,713.0,238.0,561.0,95.0,2636.0,318.0,800.0,565.0,645.0,279.0,529.0,147.0,2752.0,0.29,0.71,7.0,10.0,3.0,14.0,8.0,14.0,6875.0,0,0,0,0,0,0,30.81,12.78,0.24,388.56,2702.94,2641.34,0.1225,19.144609520064584,72.0,165.875,0.41,0.79,0.33,0.45,0.78,0.35
10,MIN,WE,7.0,N,353.0,792.0,557.0,751.0,309.0,472.0,131.0,2767.0,350.0,862.0,587.0,748.0,248.0,579.0,140.0,2721.0,0.47,0.53,9.0,8.0,7.0,10.0,8.0,12.0,6900.0,0,0,0,0,1,0,12.23,23.07,0.25,396.55,2690.07,2692.76,0.1366666666666667,27.194477201610976,72.22222222222223,165.66666666666666,0.43,0.75,0.32,0.44,0.76,0.33
11,MIN,WE,5.0,0,325.0,762.0,509.0,693.0,301.0,513.0,128.0,2731.0,317.0,848.0,589.0,694.0,250.0,543.0,140.0,2827.0,0.41,0.59,9.0,8.0,5.0,12.0,7.0,13.0,6875.0,0,0,0,0,0,0,13.72,14.97,0.25,379.76,2670.76,2686.89,0.0925,26.118636351753047,73.1,176.5,0.42,0.77,0.35,0.46,0.77,0.38
2,NYL,EA,1.0,Y,288.0,652.0,477.0,617.0,246.0,474.0,102.0,2148.0,320.0,647.0,462.0,645.0,223.0,479.0,94.0,2035.0,0.62,0.38,12.0,4.0,8.0,8.0,14.0,7.0,6425.0,4,3,4,0,1,0,21.17,60.57,0.25,316.96,2160.46,2150.98,0.0,0.0,0.0,0.0,0.44,0.76,0.34,0.41,0.74,0.28
3,NYL,EA,2.0,Y,255.0,660.0,553.0,616.0,265.0,437.0,82.0,2162.0,304.0,679.0,430.0,600.0,223.0,496.0,76.0,2082.0,0.66,0.34,13.0,3.0,8.0,8.0,13.0,8.0,6400.0,3,3,2,1,1,0,15.67,48.87,0.26,333.34,2140.8,2143.3,0.122,19.727032729995564,70.0,164.11111111111111,0.46,0.67,0.38,0.42,0.72,0.34
4,NYL,EA,1.0,N,260.0,610.0,496.0,638.0,261.0,458.0,100.0,2089.0,312.0,649.0,410.0,597.0,228.0,478.0,88.0,2015.0,0.56,0.44,10.0,6.0,8.0,8.0,11.0,10.0,6450.0,4,4,4,0,0,0,13.79,146.01,0.25,308.96,2099.98,2095.49,0.124,19.53856121999778,71.33333333333333,167.66666666666666,0.44,0.71,0.36,0.4,0.75,0.34
5,NYL,EA,6.0,Y,271.0,686.0,527.0,587.0,262.0,470.0,128.0,2243.0,326.0,736.0,506.0,614.0,269.0,480.0,96.0,2256.0,0.47,0.53,11.0,6.0,5.0,12.0,11.0,13.0,6850.0,0,0,0,0,0,0,21.51,154.1,0.25,330.15,2263.95,2273.89,0.1275,21.021421748438105,71.25,170.875,0.43,0.77,0.36,0.42,0.79,0.33
6,NYL,EA,2.0,Y,263.0,741.0,539.0,587.0,209.0,506.0,124.0,2252.0,371.0,730.0,517.0,589.0,288.0,430.0,123.0,2297.0,0.53,0.47,11.0,6.0,7.0,10.0,10.0,10.0,6900.0,2,3,2,0,0,0,46.3,110.65,0.24,327.75,2312.29,2313.37,0.1075,26.547706817416874,71.66666666666667,164.77777777777777,0.42,0.75,0.35,0.41,0.74,0.32
7,NYL,EA,3.0,N,242.0,732.0,498.0,613.0,214.0,462.0,112.0,2316.0,345.0,685.0,473.0,590.0,275.0,411.0,86.0,2285.0,0.53,0.47,10.0,7.0,8.0,9.0,9.0,11.0,6925.0,0,2,0,0,0,0,23.91,23.67,0.25,331.36,2229.96,2251.7,0.124,19.49301451755305,72.33333333333333,167.33333333333334,0.45,0.82,0.34,0.43,0.73,0.31
8,NYL,EA,5.0,Y,285.0,736.0,475.0,674.0,252.0,576.0,112.0,2372.0,341.0,832.0,508.0,668.0,270.0,485.0,134.0,2656.0,0.32,0.68,7.0,10.0,4.0,13.0,7.0,13.0,6875.0,0,0,0,0,0,0,27.26,24.0,0.22,328.96,2540.16,2510.09,0.064,15.421734761966599,71.8,162.2,0.4,0.79,0.33,0.45,0.77,0.37
9,NYL,EA,4.0,Y,287.0,788.0,500.0,618.0,289.0,612.0,109.0,2413.0,378.0,837.0,509.0,608.0,321.0,562.0,115.0,2501.0,0.47,0.53,10.0,7.0,6.0,11.0,10.0,10.0,6850.0,1,2,0,1,1,0,48.07,-110.47,0.23,348.16,2560.51,2572.19,0.086,17.042171991755996,72.0,170.55555555555554,0.42,0.74,0.37,0.41,0.76,0.32
10,NYL,EA,3.0,N,327.0,778.0,551.0,655.0,290.0,547.0,117.0,2573.0,352.0,823.0,496.0,625.0,285.0,559.0,109.0,2538.0,0.56,0.44,11.0,6.0,8.0,9.0,11.0,9.0,6900.0,3,3,2,1,0,0,27.28,55.71,0.24,364.96,2568.31,2559.9,0.125,22.377117823565346,72.27272727272727,174.0909090909091,0.42,0.75,0.37,0.43,0.77,0.36
11,NYL,EA,7.0,0,280.0,802.0,526.0,637.0,276.0,543.0,121.0,2512.0,333.0,869.0,482.0,590.0,269.0,548.0,124.0,2535.0,0.38,0.62,8.0,9.0,5.0,12.0,9.0,13.0,6900.0,0,0,0,0,0,0,33.91,21125.0,0.24,360.15,2579.6,2561.4,0.1,20.6540207758512,72.4,176.3,0.42,0.79,0.36,0.42,0.79,0.35
2,PHO,WE,4.0,N,275.0,619.0,465.0,630.0,285.0,429.0,91.0,2243.0,334.0,635.0,486.0,699.0,224.0,531.0,91.0,2102.0,0.62,0.38,11.0,5.0,9.0,7.0,11.0,10.0,6425.0,0,2,0,0,0,0,11.22,37.16,0.26,321.36,2155.05,2186.46,0.0,0.0,0.0,0.0,0.45,0.78,0.31,0.42,0.73,0.32
3,PHO,WE,5.0,N,300.0,642.0,514.0,625.0,292.0,519.0,138.0,2064.0,333.0,698.0,524.0,603.0,283.0,517.0,127.0,2169.0,0.41,0.59,10.0,6.0,3.0,13.0,8.0,13.0,6450.0,0,0,0,0,0,0,24.78,197.9,0.23,306.95,2276.43,2239.64,0.06666666666666667,18.698858571120926,71.45454545454545,159.54545454545453,0.4,0.73,0.32,0.41,0.79,0.35
4,PHO,WE,7.0,N,292.0,626.0,427.0,623.0,267.0,501.0,94.0,2091.0,309.0,692.0,532.0,600.0,268.0,491.0,127.0,2291.0,0.34,0.66,10.0,6.0,1.0,15.0,7.0,14.0,6400.0,0,0,0,0,1,0,18.72,19.66,0.24,317.35,2241.33,2226.74,0.062,14.215052852395491,72.72727272727273,164.63636363636363,0.42,0.75,0.3,0.45,0.72,0.4
5,PHO,WE,7.0,N,357.0,643.0,461.0,664.0,310.0,479.0,111.0,2097.0,303.0,811.0,509.0,667.0,275.0,610.0,146.0,2270.0,0.24,0.76,6.0,11.0,2.0,15.0,5.0,19.0,6925.0,0,0,0,0,0,0,45.95,-497.81,0.22,320.54,2363.17,2351.46,0.095,19.71738175855826,71.0,156.76923076923077,0.38,0.68,0.33,0.45,0.74,0.37
6,PHO,WE,5.0,N,264.0,652.0,501.0,748.0,282.0,464.0,137.0,2300.0,309.0,711.0,456.0,660.0,226.0,536.0,137.0,2235.0,0.5,0.5,10.0,7.0,7.0,10.0,11.0,11.0,6825.0,0,0,0,0,1,0,13.29,27.07,0.25,330.55,2289.72,2294.94,0.1025,19.642834794211808,73.2,171.8,0.43,0.76,0.37,0.42,0.74,0.38
7,PHO,WE,5.0,N,342.0,720.0,549.0,697.0,243.0,517.0,179.0,2361.0,319.0,705.0,470.0,672.0,265.0,483.0,112.0,2354.0,0.47,0.53,11.0,6.0,5.0,12.0,12.0,10.0,6800.0,0,0,0,0,0,0,34.26,15.93,0.23,330.57,2374.96,2374.85,0.128,20.21187907091178,72.9090909090909,171.8181818181818,0.41,0.77,0.33,0.43,0.73,0.36
8,PHO,WE,5.0,Y,334.0,811.0,640.0,741.0,275.0,442.0,127.0,2960.0,408.0,875.0,578.0,669.0,231.0,537.0,126.0,2879.0,0.53,0.47,10.0,7.0,8.0,9.0,8.0,12.0,6900.0,0,0,0,0,1,0,12.6,25.06,0.27,431.74,2729.24,2749.32,0.0825,19.968944555022517,72.66666666666667,164.0,0.44,0.79,0.37,0.43,0.74,0.33
9,PHO,WE,1.0,N,279.0,873.0,683.0,658.0,285.0,486.0,159.0,3025.0,445.0,945.0,628.0,684.0,244.0,595.0,109.0,2904.0,0.68,0.32,12.0,5.0,11.0,6.0,17.0,5.0,6850.0,7,2,7,0,1,0,12.46,-54.83,0.26,425.34,2839.45,2871.4,0.13399999999999998,25.679378461605285,72.45454545454545,163.45454545454547,0.44,0.82,0.35,0.4,0.8,0.38
10,PHO,WE,6.0,Y,375.0,851.0,560.0,794.0,232.0,489.0,156.0,3010.0,440.0,858.0,650.0,717.0,234.0,500.0,129.0,3009.0,0.47,0.53,10.0,7.0,6.0,11.0,8.0,12.0,6825.0,0,0,0,0,0,0,16.44,20.32,0.25,427.75,2821.56,2812.88,0.10400000000000001,24.497449833314587,72.22222222222223,166.88888888888889,0.43,0.83,0.33,0.42,0.74,0.35
11,PHO,WE,1.0,0,284.0,906.0,625.0,740.0,225.0,500.0,181.0,3156.0,421.0,864.0,607.0,671.0,260.0,460.0,143.0,3031.0,0.68,0.32,12.0,5.0,11.0,6.0,13.0,7.0,6900.0,7,4,7,0,3,0,11.74,16.52,0.27,451.35,2880.84,2875.62,0.1275,26.961198256521847,71.3,164.8,0.46,0.86,0.39,0.42,0.75,0.34
2,POR,WE,7.0,N,309.0,627.0,480.0,761.0,265.0,593.0,93.0,2155.0,307.0,646.0,487.0,729.0,277.0,531.0,130.0,2303.0,0.31,0.69,6.0,10.0,4.0,12.0,4.0,17.0,6525.0,0,0,0,0,0,0,16.37,13.39,0.23,304.57,2321.93,2311.72,0.0,0.0,0.0,0.0,0.42,0.7,0.33,0.43,0.75,0.34
3,POR,WE,7.0,N,300.0,696.0,451.0,633.0,244.0,500.0,106.0,2088.0,343.0,763.0,501.0,643.0,293.0,474.0,144.0,2202.0,0.34,0.66,6.0,10.0,5.0,11.0,5.0,16.0,6525.0,0,0,0,0,1,0,332.48,-83.54,0.22,293.36,2265.87,2269.09,0.1275,17.365799489894314,71.88888888888889,165.66666666666666,0.39,0.74,0.33,0.41,0.7,0.39
4,POR,WE,5.0,N,307.0,641.0,492.0,623.0,239.0,493.0,120.0,2195.0,334.0,678.0,486.0,616.0,272.0,508.0,139.0,2227.0,0.5,0.5,9.0,7.0,7.0,9.0,8.0,13.0,6475.0,0,0,0,0,0,0,16.99,24.29,0.24,331.75,2289.75,2249.93,0.072,15.768516783100399,71.41666666666667,169.41666666666666,0.42,0.73,0.32,0.43,0.72,0.36
2,SAC,WE,3.0,Y,388.0,650.0,567.0,571.0,332.0,458.0,157.0,2343.0,320.0,631.0,503.0,600.0,226.0,524.0,116.0,2176.0,0.66,0.34,13.0,3.0,8.0,8.0,13.0,8.0,6400.0,0,2,0,0,0,0,18.9,21.9,0.25,350.57,2255.04,2266.91,0.0,0.0,0.0,0.0,0.44,0.69,0.31,0.42,0.75,0.34
3,SAC,WE,2.0,N,374.0,723.0,558.0,588.0,276.0,494.0,158.0,2294.0,343.0,662.0,496.0,616.0,261.0,481.0,143.0,2139.0,0.62,0.38,12.0,4.0,8.0,8.0,13.0,8.0,6525.0,3,2,2,1,0,0,192.45,40.12,0.23,334.97,2271.28,2299.51,0.128,22.7606381148291,71.36363636363636,159.9090909090909,0.42,0.74,0.39,0.4,0.72,0.29
4,SAC,WE,6.0,Y,301.0,648.0,500.0,675.0,247.0,456.0,109.0,2166.0,352.0,723.0,493.0,633.0,233.0,496.0,128.0,2294.0,0.44,0.56,10.0,6.0,4.0,12.0,8.0,13.0,6575.0,0,0,0,0,0,0,18.31,57.87,0.23,312.15,2291.83,2292.13,0.086,18.539159207196025,72.33333333333333,166.08333333333334,0.4,0.76,0.28,0.42,0.76,0.33
5,SAC,WE,3.0,Y,349.0,718.0,568.0,641.0,297.0,461.0,122.0,2299.0,345.0,751.0,516.0,640.0,224.0,576.0,141.0,2216.0,0.56,0.44,12.0,5.0,7.0,10.0,13.0,11.0,6825.0,3,3,2,1,1,0,32.64,-127.94,0.24,344.95,2394.66,2385.29,0.14,23.833813584056223,72.44444444444444,161.44444444444446,0.41,0.68,0.32,0.41,0.73,0.32
6,SAC,WE,4.0,Y,389.0,635.0,519.0,641.0,314.0,485.0,118.0,2312.0,310.0,676.0,513.0,646.0,241.0,593.0,117.0,2241.0,0.53,0.47,10.0,7.0,8.0,9.0,12.0,10.0,6900.0,3,3,2,1,0,0,19.97,23.68,0.24,349.76,2336.41,2335.33,0.128,21.224673058795354,72.4,163.8,0.42,0.72,0.35,0.43,0.75,0.35
7,SAC,WE,1.0,Y,369.0,674.0,527.0,684.0,304.0,500.0,108.0,2329.0,273.0,694.0,463.0,723.0,235.0,622.0,132.0,2093.0,0.74,0.26,15.0,2.0,10.0,7.0,17.0,5.0,6800.0,7,1,7,0,1,1,18.3,29.35,0.24,341.36,2336.87,2360.95,0.12,22.11460148687969,73.25,168.875,0.43,0.69,0.36,0.41,0.73,0.3
8,SAC,WE,2.0,Y,418.0,720.0,509.0,670.0,330.0,542.0,88.0,2537.0,294.0,725.0,507.0,687.0,244.0,633.0,143.0,2404.0,0.62,0.38,14.0,3.0,7.0,10.0,10.0,10.0,6875.0,6,3,4,2,2,0,23.7,16.71,0.24,367.77,2534.44,2544.81,0.11199999999999999,23.509782068872944,72.625,165.375,0.42,0.73,0.34,0.43,0.76,0.31
9,SAC,WE,3.0,Y,452.0,723.0,537.0,642.0,325.0,611.0,101.0,2527.0,308.0,718.0,542.0,689.0,274.0,649.0,141.0,2480.0,0.56,0.44,12.0,5.0,7.0,10.0,12.0,10.0,6950.0,1,2,0,1,0,0,46.97,15.78,0.23,360.58,2592.77,2605.59,0.1,20.332525740899293,73.0,166.83333333333334,0.41,0.77,0.36,0.43,0.77,0.34
10,SAC,WE,4.0,N,388.0,721.0,473.0,690.0,319.0,586.0,77.0,2545.0,308.0,767.0,581.0,759.0,267.0,624.0,206.0,2571.0,0.53,0.47,13.0,4.0,5.0,12.0,9.0,11.0,6800.0,1,2,0,1,0,0,19.13,16.41,0.23,353.37,2607.4,2608.97,0.10800000000000001,24.878988963037084,73.0,164.66666666666666,0.41,0.75,0.38,0.45,0.75,0.34
2,SAS,WE,5.0,Y,348.0,732.0,522.0,698.0,214.0,544.0,157.0,2413.0,313.0,598.0,503.0,702.0,301.0,437.0,112.0,2407.0,0.56,0.44,12.0,4.0,6.0,10.0,13.0,8.0,6400.0,0,0,0,0,0,0,19.21,9.04,0.24,343.38,2342.02,2309.03,0.0,0.0,0.0,0.0,0.45,0.77,0.34,0.44,0.74,0.35
3,SAS,WE,3.0,Y,295.0,775.0,524.0,622.0,202.0,493.0,156.0,2207.0,344.0,630.0,478.0,645.0,275.0,390.0,148.0,2192.0,0.59,0.41,9.0,7.0,10.0,6.0,11.0,10.0,6475.0,0,2,0,0,0,0,58.08,20.8,0.24,324.56,2250.24,2219.9,0.1375,24.470154105315828,72.63333333333334,172.0,0.44,0.75,0.32,0.4,0.74,0.29
4,SAS,WE,3.0,N,347.0,721.0,478.0,665.0,228.0,522.0,178.0,2418.0,361.0,645.0,489.0,724.0,260.0,444.0,149.0,2344.0,0.62,0.38,12.0,4.0,8.0,8.0,12.0,9.0,6450.0,2,3,2,0,0,0,16.52,15.87,0.24,337.38,2359.07,2354.61,0.13999999999999999,20.981696876106103,72.41111111111111,172.22222222222223,0.44,0.76,0.36,0.41,0.75,0.33
5,SAS,WE,6.0,N,350.0,795.0,428.0,728.0,187.0,513.0,167.0,2215.0,389.0,783.0,530.0,669.0,275.0,424.0,140.0,2427.0,0.35,0.65,9.0,8.0,3.0,14.0,10.0,14.0,6825.0,0,0,0,0,0,0,-75.96,106.45,0.21,316.95,2452.65,2437.25,0.14,22.143712346093015,71.97,173.7,0.38,0.73,0.3,0.4,0.73,0.31
6,SAS,WE,7.0,N,302.0,701.0,493.0,628.0,272.0,513.0,106.0,2191.0,324.0,710.0,575.0,624.0,280.0,492.0,129.0,2364.0,0.26,0.74,6.0,11.0,3.0,14.0,6.0,16.0,6875.0,0,0,0,0,0,0,25.68,23.14,0.23,324.95,2330.23,2322.39,0.164,23.04591384900445,72.80833333333334,172.41666666666666,0.42,0.78,0.32,0.44,0.74,0.37
7,SAS,WE,7.0,N,256.0,690.0,433.0,650.0,195.0,535.0,90.0,2141.0,351.0,704.0,563.0,685.0,283.0,429.0,148.0,2401.0,0.21,0.79,5.0,12.0,2.0,15.0,3.0,19.0,6800.0,0,0,0,0,0,0,20.41,21.47,0.23,305.76,2302.92,2309.61,0.0775,16.142482997906516,71.25,161.125,0.42,0.77,0.32,0.44,0.76,0.35
8,SAS,WE,6.0,Y,354.0,814.0,540.0,610.0,246.0,488.0,83.0,2523.0,372.0,865.0,560.0,641.0,254.0,480.0,129.0,2603.0,0.38,0.62,6.0,11.0,7.0,10.0,10.0,10.0,6800.0,0,0,0,0,0,0,59.11,139.95,0.23,366.15,2577.29,2545.54,0.09666666666666668,19.42755732633282,72.14285714285714,163.71428571428572,0.41,0.75,0.34,0.43,0.77,0.36
9,SAS,WE,2.0,Y,323.0,764.0,567.0,653.0,283.0,558.0,130.0,2517.0,361.0,776.0,516.0,619.0,257.0,583.0,137.0,2484.0,0.59,0.41,9.0,8.0,11.0,6.0,13.0,9.0,6875.0,2,3,2,0,0,1,28.0,35.63,0.24,369.36,2558.28,2557.17,0.1225,19.202222539543584,72.125,170.0,0.42,0.8,0.37,0.42,0.77,0.32
10,SAS,WE,1.0,Y,246.0,847.0,601.0,602.0,272.0,525.0,150.0,2546.0,389.0,817.0,500.0,666.0,278.0,528.0,109.0,2418.0,0.71,0.29,15.0,2.0,9.0,8.0,10.0,10.0,6850.0,4,5,4,0,1,0,22.46,-104.95,0.24,360.55,2557.79,2581.4,0.1325,25.262542263516014,71.0,166.33333333333334,0.43,0.81,0.34,0.4,0.74,0.29
11,SAS,WE,4.0,0,281.0,768.0,598.0,596.0,257.0,509.0,116.0,2615.0,364.0,824.0,529.0,643.0,268.0,502.0,120.0,2661.0,0.44,0.56,10.0,7.0,5.0,12.0,10.0,10.0,6950.0,1,2,0,1,0,0,16.1,31.38,0.25,374.55,2585.7,2582.21,0.11000000000000001,18.941489215391705,70.42857142857143,162.28571428571428,0.43,0.78,0.35,0.44,0.79,0.35
2,SEA,WE,8.0,N,256.0,537.0,390.0,648.0,255.0,525.0,93.0,1822.0,288.0,721.0,506.0,618.0,284.0,529.0,123.0,2171.0,0.19,0.81,4.0,12.0,2.0,14.0,4.0,17.0,6475.0,0,0,0,0,0,0,15.08,38.25,0.22,266.95,2165.61,2159.77,0.0,0.0,0.0,0.0,0.38,0.68,0.3,0.45,0.76,0.35
3,SEA,WE,8.0,Y,306.0,585.0,412.0,605.0,273.0,431.0,127.0,1921.0,296.0,756.0,492.0,588.0,228.0,519.0,127.0,2048.0,0.31,0.69,5.0,11.0,5.0,11.0,6.0,15.0,6550.0,0,0,0,0,0,0,29.72,-38.61,0.22,275.75,2124.13,2130.2,0.08666666666666667,14.393233752779935,72.83333333333333,164.33333333333334,0.38,0.68,0.31,0.43,0.75,0.38
4,SEA,WE,4.0,N,362.0,633.0,514.0,623.0,282.0,477.0,151.0,2188.0,307.0,662.0,488.0,563.0,254.0,531.0,125.0,2103.0,0.53,0.47,10.0,6.0,7.0,9.0,10.0,11.0,6450.0,0,2,0,0,0,0,57.7,29.1,0.23,317.77,2209.84,2208.27,0.1125,20.207357538671495,72.33333333333333,164.5,0.41,0.77,0.36,0.43,0.74,0.3
5,SEA,WE,5.0,Y,342.0,732.0,548.0,644.0,232.0,465.0,138.0,2388.0,352.0,689.0,456.0,570.0,245.0,459.0,104.0,2274.0,0.53,0.47,13.0,4.0,5.0,12.0,11.0,13.0,6850.0,0,0,0,0,1,0,36.47,36.07,0.25,356.16,2320.78,2309.8,0.098,15.657975522923243,71.57142857142857,163.21428571428572,0.44,0.78,0.33,0.41,0.75,0.33
6,SEA,WE,2.0,Y,350.0,709.0,552.0,665.0,302.0,499.0,131.0,2437.0,303.0,679.0,507.0,678.0,252.0,527.0,137.0,2264.0,0.59,0.41,13.0,4.0,7.0,10.0,13.0,9.0,6825.0,6,2,6,0,1,0,21.87,17.49,0.24,349.37,2372.58,2374.54,0.144,25.165432578929096,72.55555555555556,167.0,0.43,0.78,0.38,0.43,0.71,0.36
7,SEA,WE,2.0,Y,323.0,776.0,520.0,657.0,201.0,516.0,158.0,2498.0,334.0,686.0,568.0,691.0,267.0,438.0,154.0,2407.0,0.59,0.41,14.0,3.0,6.0,11.0,13.0,9.0,6825.0,1,2,0,1,0,0,22.77,15.41,0.25,362.56,2459.25,2449.19,0.1325,23.050573750039135,73.57142857142857,169.85714285714286,0.44,0.79,0.33,0.41,0.76,0.32
8,SEA,WE,4.0,Y,327.0,821.0,514.0,682.0,232.0,570.0,127.0,2644.0,322.0,709.0,520.0,683.0,297.0,485.0,115.0,2575.0,0.53,0.47,9.0,8.0,9.0,8.0,10.0,10.0,6800.0,1,2,0,1,2,0,20.94,11.7,0.25,384.57,2573.07,2584.4,0.128,22.574907407536337,71.9090909090909,160.8181818181818,0.45,0.79,0.34,0.42,0.75,0.34
9,SEA,WE,4.0,Y,344.0,820.0,533.0,620.0,242.0,533.0,151.0,2734.0,333.0,761.0,591.0,642.0,272.0,495.0,112.0,2647.0,0.5,0.5,12.0,5.0,5.0,12.0,11.0,11.0,6825.0,0,2,0,0,2,0,23.86,17.55,0.25,385.77,2605.06,2631.21,0.126,24.404127890327437,73.14285714285714,170.78571428571428,0.44,0.81,0.35,0.43,0.82,0.37
10,SEA,WE,2.0,Y,340.0,822.0,530.0,684.0,269.0,526.0,140.0,2493.0,332.0,760.0,498.0,674.0,263.0,515.0,115.0,2406.0,0.65,0.35,16.0,1.0,6.0,11.0,13.0,7.0,6800.0,1,2,0,1,0,0,43.49,35.28,0.24,359.76,2513.59,2540.35,0.10200000000000001,24.12107019894878,73.4,172.3,0.43,0.76,0.32,0.4,0.75,0.32
11,SEA,WE,2.0,0,316.0,788.0,536.0,710.0,276.0,555.0,150.0,2544.0,332.0,746.0,517.0,672.0,275.0,555.0,131.0,2476.0,0.59,0.41,13.0,4.0,7.0,10.0,13.0,7.0,7025.0,1,2,0,1,1,0,21.92,24.95,0.24,363.76,2559.44,2561.51,0.082,18.918684362575426,71.81818181818181,169.63636363636363,0.43,0.79,0.35,0.41,0.76,0.35
2,WAS,EA,4.0,N,300.0,646.0,521.0,597.0,245.0,506.0,126.0,2176.0,299.0,612.0,513.0,595.0,261.0,456.0,102.0,2221.0,0.44,0.56,7.0,9.0,7.0,9.0,13.0,8.0,6400.0,0,2,0,0,0,0,15.51,12.46,0.25,332.96,2182.39,2185.15,0.0,0.0,0.0,0.0,0.46,0.7,0.33,0.45,0.69,0.38
3,WAS,EA,8.0,Y,356.0,699.0,424.0,537.0,257.0,495.0,127.0,1928.0,331.0,737.0,487.0,543.0,261.0,454.0,103.0,2075.0,0.31,0.69,8.0,8.0,2.0,14.0,4.0,17.0,6500.0,0,0,0,0,0,0,-20.46,-29.01,0.21,295.75,2184.73,2182.54,0.16499999999999998,22.329884597901348,73.375,175.0,0.39,0.66,0.28,0.41,0.74,0.36
4,WAS,EA,3.0,N,330.0,708.0,516.0,583.0,221.0,455.0,94.0,2135.0,309.0,680.0,442.0,570.0,237.0,441.0,101.0,2116.0,0.53,0.47,9.0,7.0,8.0,8.0,12.0,9.0,6450.0,3,2,2,1,1,1,-98.48,62.75,0.24,322.55,2155.51,2180.85,0.1225,16.391766342986795,71.7,168.1,0.42,0.75,0.37,0.41,0.74,0.33
5,WAS,EA,7.0,Y,382.0,703.0,568.0,676.0,213.0,462.0,99.0,2330.0,334.0,781.0,591.0,565.0,251.0,468.0,119.0,2498.0,0.26,0.74,3.0,14.0,6.0,11.0,7.0,17.0,6875.0,0,0,0,0,0,0,68.37,25.48,0.24,358.55,2394.32,2372.2,0.11600000000000002,22.321666767482164,70.27272727272727,153.45454545454547,0.41,0.75,0.31,0.45,0.74,0.35
6,WAS,EA,4.0,N,337.0,726.0,467.0,652.0,255.0,424.0,128.0,2325.0,336.0,770.0,534.0,627.0,237.0,492.0,111.0,2384.0,0.5,0.5,11.0,6.0,6.0,11.0,9.0,11.0,6850.0,1,2,0,1,0,0,23.06,39.84,0.24,349.34,2367.21,2372.01,0.1575,23.144806911483727,72.0,159.5,0.42,0.72,0.37,0.43,0.74,0.34
7,WAS,EA,5.0,Y,266.0,677.0,517.0,697.0,260.0,435.0,76.0,2263.0,267.0,757.0,545.0,638.0,205.0,504.0,108.0,2305.0,0.47,0.53,10.0,7.0,6.0,11.0,9.0,11.0,6900.0,0,0,0,0,1,0,15.69,24.49,0.25,338.94,2282.15,2298.36,0.10250000000000001,18.293489848331976,71.9,160.7,0.43,0.71,0.35,0.44,0.75,0.35
8,WAS,EA,4.0,N,330.0,770.0,576.0,784.0,306.0,541.0,113.0,2747.0,321.0,720.0,583.0,687.0,252.0,573.0,89.0,2657.0,0.53,0.47,13.0,4.0,5.0,12.0,12.0,8.0,6850.0,0,2,0,0,0,0,11.91,10.96,0.26,406.56,2615.62,2619.3,0.086,18.272192528958705,71.875,167.375,0.46,0.74,0.36,0.43,0.75,0.37
9,WAS,EA,5.0,N,335.0,783.0,472.0,763.0,282.0,571.0,133.0,2585.0,383.0,825.0,549.0,762.0,256.0,579.0,103.0,2639.0,0.47,0.53,8.0,9.0,8.0,9.0,8.0,12.0,6900.0,0,0,0,0,0,0,20.17,38.56,0.23,350.96,2664.15,2653.86,0.126,21.910974252244785,72.07692307692308,169.3846153846154,0.4,0.8,0.31,0.42,0.77,0.34
10,WAS,EA,6.0,Y,362.0,770.0,483.0,757.0,241.0,637.0,93.0,2368.0,306.0,787.0,542.0,708.0,314.0,530.0,146.0,2601.0,0.29,0.71,6.0,11.0,4.0,13.0,6.0,14.0,6825.0,0,0,0,0,0,0,55.12,15.26,0.23,354.16,2588.12,2548.22,0.11200000000000002,24.76659933252415,70.84615384615384,163.92307692307693,0.42,0.66,0.35,0.44,0.74,0.34
11,WAS,EA,4.0,0,388.0,803.0,453.0,725.0,314.0,607.0,118.0,2585.0,322.0,789.0,524.0,778.0,315.0,576.0,156.0,2622.0,0.47,0.53,11.0,6.0,5.0,12.0,10.0,12.0,6875.0,0,2,0,0,1,0,24.41,15.78,0.23,373.37,2676.36,2659.39,0.10400000000000001,19.49987225890559,72.38461538461539,176.15384615384616,0.42,0.7,0.33,0.43,0.75,0.34
